{
  "project_info": {
    "project_number": "311327852776",
    "project_id": "colibri-flutter",
    "storage_bucket": "colibri-flutter.appspot.com"
  },
  "client": [
    {
      "client_info": {
        "mobilesdk_app_id": "1:311327852776:android:7f1d0b2337d7ae7425a15d",
        "android_client_info": {
          "package_name": "com.colibricmflutter.app"
        }
      },
      "oauth_client": [
        {
          "client_id": "311327852776-m24e4uum9jdi5fqnt2dkgsen9vqrotdj.apps.googleusercontent.com",
          "client_type": 1,
          "android_info": {
            "package_name": "com.colibricmflutter.app",
            "certificate_hash": "552f0fa48c556acbe3e8088be426e1416598ffd9"
          }
        },
        {
          "client_id": "311327852776-d2s23p20ok9r3kem7cfmon3bb6n9u9jd.apps.googleusercontent.com",
          "client_type": 3
        }
      ],
      "api_key": [
        {
          "current_key": "AIzaSyCKiXBwrmf1tSZeWLCOS5fxDgsZmJVHyhI"
        }
      ],
      "services": {
        "appinvite_service": {
          "other_platform_oauth_client": [
            {
              "client_id": "311327852776-d2s23p20ok9r3kem7cfmon3bb6n9u9jd.apps.googleusercontent.com",
              "client_type": 3
            }
          ]
        }
      }
    }
  ],
  "configuration_version": "1"
}
